-- phpMyAdmin SQL Dump
-- version 4.7.2
-- https://www.phpmyadmin.net/
--
-- Host: 127.0.0.1
-- Generation Time: Nov 17, 2019 at 10:16 AM
-- Server version: 5.6.17
-- PHP Version: 5.5.12

SET SQL_MODE = "NO_AUTO_VALUE_ON_ZERO";
SET AUTOCOMMIT = 0;
START TRANSACTION;
SET time_zone = "+00:00";


/*!40101 SET @OLD_CHARACTER_SET_CLIENT=@@CHARACTER_SET_CLIENT */;
/*!40101 SET @OLD_CHARACTER_SET_RESULTS=@@CHARACTER_SET_RESULTS */;
/*!40101 SET @OLD_COLLATION_CONNECTION=@@COLLATION_CONNECTION */;
/*!40101 SET NAMES utf8mb4 */;

--
-- Database: `knock`
--

-- --------------------------------------------------------

--
-- Table structure for table `alarms`
--

CREATE TABLE `alarms` (
  `id` int(11) NOT NULL,
  `police_id` int(11) NOT NULL,
  `date` varchar(250) NOT NULL,
  `time` varchar(250) NOT NULL,
  `lat` varchar(250) NOT NULL,
  `lan` varchar(250) NOT NULL,
  `closed` tinyint(4) NOT NULL DEFAULT '0',
  `created_at` timestamp NOT NULL DEFAULT CURRENT_TIMESTAMP,
  `updated_at` timestamp NOT NULL
) ENGINE=InnoDB DEFAULT CHARSET=latin1;

--
-- Dumping data for table `alarms`
--

INSERT INTO `alarms` (`id`, `police_id`, `date`, `time`, `lat`, `lan`, `closed`, `created_at`, `updated_at`) VALUES
(1, 4, '16-11-2019', '10:30', '12.923576', '77.5020014', 1, '2019-11-16 23:00:48', '0000-00-00 00:00:00');

-- --------------------------------------------------------

--
-- Table structure for table `beats`
--

CREATE TABLE `beats` (
  `id` int(10) UNSIGNED NOT NULL,
  `type_id` int(11) NOT NULL COMMENT '0 regular 1 special',
  `beat_name` varchar(191) COLLATE utf8mb4_unicode_ci NOT NULL,
  `police_station_id` int(11) NOT NULL,
  `minimum_hostspots` int(11) NOT NULL,
  `closed` int(11) DEFAULT NULL,
  `created_at` timestamp NULL DEFAULT NULL,
  `updated_at` timestamp NULL DEFAULT NULL
) ENGINE=MyISAM DEFAULT CHARSET=utf8mb4 COLLATE=utf8mb4_unicode_ci;

--
-- Dumping data for table `beats`
--

INSERT INTO `beats` (`id`, `type_id`, `beat_name`, `police_station_id`, `minimum_hostspots`, `closed`, `created_at`, `updated_at`) VALUES
(1, 0, 'Beat 1', 1, 3, 0, '2019-11-16 18:30:00', NULL),
(2, 0, 'Beat 2', 1, 5, 0, '2019-11-16 18:30:00', NULL),
(3, 0, 'R1', 1, 1, NULL, '2019-11-16 22:29:50', '2019-11-16 22:29:50');

-- --------------------------------------------------------

--
-- Table structure for table `beat_members`
--

CREATE TABLE `beat_members` (
  `id` int(10) UNSIGNED NOT NULL,
  `beat_id` int(11) NOT NULL,
  `beat_member_type_id` int(11) NOT NULL,
  `contact_name` varchar(191) COLLATE utf8mb4_unicode_ci NOT NULL,
  `contact_number` varchar(191) COLLATE utf8mb4_unicode_ci NOT NULL,
  `address` text COLLATE utf8mb4_unicode_ci NOT NULL,
  `photo` varchar(191) COLLATE utf8mb4_unicode_ci NOT NULL,
  `lat` varchar(250) COLLATE utf8mb4_unicode_ci NOT NULL,
  `longi` varchar(250) COLLATE utf8mb4_unicode_ci NOT NULL,
  `created_at` timestamp NULL DEFAULT NULL,
  `updated_at` timestamp NULL DEFAULT NULL
) ENGINE=MyISAM DEFAULT CHARSET=utf8mb4 COLLATE=utf8mb4_unicode_ci;

--
-- Dumping data for table `beat_members`
--

INSERT INTO `beat_members` (`id`, `beat_id`, `beat_member_type_id`, `contact_name`, `contact_number`, `address`, `photo`, `lat`, `longi`, `created_at`, `updated_at`) VALUES
(1, 1, 1, 'VIP1', '9999999999', 'RV College', '', '', '', NULL, NULL),
(2, 2, 5, 'VIP2', '9999999999', 'RV College', '', '', '', NULL, NULL),
(3, 1, 2, 'MOB1', '9999999999', 'RV College', '', '', '', NULL, NULL),
(4, 2, 2, 'MOB2', '9999999999', 'RV College', '', '', '', NULL, NULL),
(5, 2, 1, 'RSP1', '9999999999', 'RV College', '', '', '', NULL, NULL),
(6, 2, 3, 'RSP2', '9999999999', 'RV College', '', '', '', NULL, NULL),
(7, 2, 4, 'School 1', '9999999999', 'RV College', '', '', '', NULL, NULL),
(8, 1, 4, 'School 2', '9999999999', 'RV College', '', '', '', NULL, NULL),
(9, 1, 1, 'Akshay', '08880458554', 'Bangalore', '/knock/images/tmp/1573961578-me.jpg', '', '', '2019-11-16 22:02:58', '2019-11-16 22:02:58'),
(10, 1, 4, 'Shripad', '08880458554', 'Bangalore', '/knock/images/tmp/1573961586-me.jpg', '', '', '2019-11-16 22:03:06', '2019-11-16 22:03:06'),
(11, 1, 3, 'Ramesh', '08880458554', 'Bangalore', '/knock/images/tmp/1573961685-me.jpg', '', '', '2019-11-16 22:04:45', '2019-11-16 22:04:45'),
(12, 1, 5, 'Shailesh', '08880458554', '19, 6th Cross Rd, Byatarayanapura, Banashankari Stage I, Banashankari, Bengaluru, Karnataka 560026, India', '/knock/images/tmp/1573964723-me.jpg', '12.94935482146964', '77.54379654127808', '2019-11-16 22:55:23', '2019-11-16 22:55:23'),
(13, 3, 4, 'Akshay', '08880458554', 'NH648, Hasigala, Karnataka 562114, India', '/knock/images/tmp/1573964754-me.jpg', '13.135401554462986', '77.77341509062501', '2019-11-16 22:55:54', '2019-11-16 22:55:54'),
(14, 1, 6, 'Radha', '08880458554', '#11 ramyam apartment, Sinthan Nagar, Bengaluru, Karnataka 560077, India', '/knock/images/tmp/1573964881-pp.jpg', '13.055146874924636', '77.63059282500001', '2019-11-16 22:58:01', '2019-11-16 22:58:01'),
(15, 3, 6, 'Wahab', '08880458554', 'Seethanayakanahalli village, Karnataka 563160, India', '/knock/images/tmp/1573964935-pp.jpg', '12.953453534238049', '77.91623735625001', '2019-11-16 22:58:55', '2019-11-16 22:58:55');

-- --------------------------------------------------------

--
-- Table structure for table `beat_member_types`
--

CREATE TABLE `beat_member_types` (
  `id` int(10) UNSIGNED NOT NULL,
  `beat_memeber_type_name` varchar(191) COLLATE utf8mb4_unicode_ci NOT NULL,
  `minimum_duration` varchar(191) COLLATE utf8mb4_unicode_ci NOT NULL,
  `created_at` timestamp NULL DEFAULT NULL,
  `updated_at` timestamp NULL DEFAULT NULL
) ENGINE=MyISAM DEFAULT CHARSET=utf8mb4 COLLATE=utf8mb4_unicode_ci;

--
-- Dumping data for table `beat_member_types`
--

INSERT INTO `beat_member_types` (`id`, `beat_memeber_type_name`, `minimum_duration`, `created_at`, `updated_at`) VALUES
(1, 'VIP', '70', NULL, NULL),
(2, 'MOB', '80', NULL, NULL),
(3, 'Resources Person', '', NULL, NULL),
(4, 'School', '30', NULL, NULL),
(5, 'RS', '30', NULL, NULL),
(6, 'HS', '15', NULL, NULL),
(7, 'Others', '25', NULL, NULL);

-- --------------------------------------------------------

--
-- Table structure for table `beat_records`
--

CREATE TABLE `beat_records` (
  `id` int(10) UNSIGNED NOT NULL,
  `beat_id` int(11) NOT NULL,
  `memeber_id` int(11) NOT NULL,
  `lattitude` varchar(191) COLLATE utf8mb4_unicode_ci NOT NULL,
  `longitude` varchar(191) COLLATE utf8mb4_unicode_ci NOT NULL,
  `remark` text COLLATE utf8mb4_unicode_ci,
  `front_photo` text COLLATE utf8mb4_unicode_ci,
  `front_photo_match` tinyint(4) DEFAULT NULL,
  `back_photo` text COLLATE utf8mb4_unicode_ci,
  `created_at` timestamp NULL DEFAULT NULL,
  `updated_at` timestamp NULL DEFAULT NULL
) ENGINE=MyISAM DEFAULT CHARSET=utf8mb4 COLLATE=utf8mb4_unicode_ci;

--
-- Dumping data for table `beat_records`
--

INSERT INTO `beat_records` (`id`, `beat_id`, `memeber_id`, `lattitude`, `longitude`, `remark`, `front_photo`, `front_photo_match`, `back_photo`, `created_at`, `updated_at`) VALUES
(1, 1, 9, '12.9235489', '77.5020007', NULL, NULL, NULL, NULL, '2019-11-17 03:37:11', '2019-11-17 03:37:11'),
(2, 1, 9, '12.9235489', '77.5020007', NULL, NULL, NULL, NULL, '2019-11-17 03:37:35', '2019-11-17 03:37:35');

-- --------------------------------------------------------

--
-- Table structure for table `beat_record_checklist_data`
--

CREATE TABLE `beat_record_checklist_data` (
  `id` int(10) UNSIGNED NOT NULL,
  `beat_id` int(11) NOT NULL,
  `beat_record_id` int(11) NOT NULL,
  `checklist_id` int(11) NOT NULL,
  `value` text COLLATE utf8mb4_unicode_ci NOT NULL,
  `created_at` timestamp NULL DEFAULT NULL,
  `updated_at` timestamp NULL DEFAULT NULL
) ENGINE=MyISAM DEFAULT CHARSET=utf8mb4 COLLATE=utf8mb4_unicode_ci;

-- --------------------------------------------------------

--
-- Table structure for table `beat_schedules`
--

CREATE TABLE `beat_schedules` (
  `id` int(10) UNSIGNED NOT NULL,
  `beat_id` int(11) NOT NULL,
  `member_id` int(11) NOT NULL,
  `police_id` int(11) NOT NULL,
  `from_date` varchar(191) COLLATE utf8mb4_unicode_ci NOT NULL,
  `to_date` varchar(191) COLLATE utf8mb4_unicode_ci NOT NULL,
  `frequency` int(11) NOT NULL,
  `no_of_visits` int(11) NOT NULL,
  `visited_done` int(11) DEFAULT NULL,
  `matching_faces` int(11) DEFAULT NULL,
  `matching_number` int(11) DEFAULT NULL,
  `found_at_location` int(11) DEFAULT NULL,
  `closed` int(11) DEFAULT NULL,
  `created_at` timestamp NULL DEFAULT NULL,
  `updated_at` timestamp NULL DEFAULT NULL
) ENGINE=MyISAM DEFAULT CHARSET=utf8mb4 COLLATE=utf8mb4_unicode_ci;

--
-- Dumping data for table `beat_schedules`
--

INSERT INTO `beat_schedules` (`id`, `beat_id`, `member_id`, `police_id`, `from_date`, `to_date`, `frequency`, `no_of_visits`, `visited_done`, `matching_faces`, `matching_number`, `found_at_location`, `closed`, `created_at`, `updated_at`) VALUES
(1, 1, 1, 4, '01-01-2019', '29-12-2019', 2, 4, 0, 0, 0, 0, 0, '2019-11-10 18:30:00', NULL),
(2, 1, 5, 4, '01-01-2019', '29-12-2019', 3, 2, 0, 0, 0, 0, 0, '2019-11-10 18:30:00', NULL),
(3, 1, 8, 4, '01-01-2019', '29-12-2019', 3, 1, 0, 0, 0, 0, 0, '2019-11-10 18:30:00', NULL),
(4, 2, 2, 5, '01-01-2019', '29-12-2019', 2, 4, 0, 0, 0, 0, 0, '2019-11-10 18:30:00', NULL),
(5, 2, 3, 5, '01-01-2019', '29-12-2019', 3, 2, 0, 0, 0, 0, 0, '2019-11-10 18:30:00', NULL),
(6, 2, 4, 5, '01-01-2019', '29-12-2019', 3, 1, 0, 0, 0, 0, 0, '2019-11-10 18:30:00', NULL),
(7, 2, 6, 6, '01-01-2019', '29-12-2019', 3, 2, 0, 0, 0, 0, 0, '2019-11-10 18:30:00', NULL),
(8, 2, 7, 6, '01-01-2019', '29-12-2019', 3, 1, 0, 0, 0, 0, 0, '2019-11-10 18:30:00', NULL),
(9, 1, 9, 7, '2019-01-01', '2019-12-31', 3, 1, NULL, NULL, NULL, NULL, NULL, '2019-11-17 00:02:27', '2019-11-17 00:02:27'),
(10, 1, 9, 7, '2019-01-01', '2019-12-31', 1, 1, NULL, NULL, NULL, NULL, NULL, '2019-11-17 00:29:17', '2019-11-17 00:29:17'),
(11, 1, 9, 7, '2019-01-01', '2019-12-31', 1, 1, NULL, NULL, NULL, NULL, NULL, '2019-11-17 00:29:33', '2019-11-17 00:29:33'),
(12, 1, 9, 7, '2019-01-01', '2019-12-31', 1, 1, NULL, NULL, NULL, NULL, NULL, '2019-11-17 00:34:46', '2019-11-17 00:34:46'),
(13, 1, 9, 7, '2019-01-01', '2019-12-31', 1, 1, NULL, NULL, NULL, NULL, NULL, '2019-11-17 00:35:00', '2019-11-17 00:35:00'),
(14, 1, 9, 7, '2019-01-01', '2019-12-31', 1, 1, NULL, NULL, NULL, NULL, NULL, '2019-11-17 00:35:08', '2019-11-17 00:35:08'),
(15, 1, 9, 7, '2019-11-01', '2019-11-17', 1, 1, NULL, NULL, NULL, NULL, NULL, '2019-11-17 00:35:31', '2019-11-17 00:35:31'),
(16, 1, 9, 7, '2019-11-01', '2019-11-17', 1, 1, NULL, NULL, NULL, NULL, NULL, '2019-11-17 00:36:07', '2019-11-17 00:36:07'),
(17, 1, 9, 7, '2019-11-01', '2019-11-17', 1, 1, NULL, NULL, NULL, NULL, NULL, '2019-11-17 00:36:23', '2019-11-17 00:36:23'),
(18, 1, 9, 7, '2019-11-01', '2019-11-17', 1, 1, NULL, NULL, NULL, NULL, NULL, '2019-11-17 00:36:36', '2019-11-17 00:36:36'),
(19, 1, 9, 7, '2019-11-01', '2019-11-17', 1, 1, NULL, NULL, NULL, NULL, NULL, '2019-11-17 00:36:43', '2019-11-17 00:36:43'),
(20, 1, 9, 7, '2019-11-01', '2019-11-17', 1, 1, NULL, NULL, NULL, NULL, NULL, '2019-11-17 00:37:21', '2019-11-17 00:37:21'),
(21, 1, 9, 7, '2019-11-01', '2019-11-17', 1, 1, NULL, NULL, NULL, NULL, NULL, '2019-11-17 00:38:00', '2019-11-17 00:38:00'),
(22, 1, 9, 7, '2019-11-01', '2019-11-17', 1, 1, NULL, NULL, NULL, NULL, NULL, '2019-11-17 00:38:52', '2019-11-17 00:38:52'),
(23, 1, 9, 7, '2019-11-01', '2019-11-17', 1, 1, NULL, NULL, NULL, NULL, NULL, '2019-11-17 00:40:13', '2019-11-17 00:40:13'),
(24, 1, 9, 7, '2019-11-01', '2019-11-17', 1, 1, NULL, NULL, NULL, NULL, NULL, '2019-11-17 00:40:19', '2019-11-17 00:40:19'),
(25, 1, 9, 7, '2019-11-01', '2019-11-17', 1, 1, NULL, NULL, NULL, NULL, NULL, '2019-11-17 00:41:20', '2019-11-17 00:41:20'),
(26, 1, 9, 7, '2019-11-01', '2019-11-17', 1, 1, NULL, NULL, NULL, NULL, NULL, '2019-11-17 00:41:33', '2019-11-17 00:41:33'),
(27, 1, 9, 7, '2019-11-01', '2019-11-17', 1, 1, NULL, NULL, NULL, NULL, NULL, '2019-11-17 00:42:13', '2019-11-17 00:42:13'),
(28, 1, 9, 7, '2019-01-01', '2019-12-31', 3, 1, NULL, NULL, NULL, NULL, NULL, '2019-11-17 00:45:32', '2019-11-17 00:45:32'),
(29, 1, 9, 7, '2019-10-02', '2019-12-31', 2, 1, NULL, NULL, NULL, NULL, NULL, '2019-11-17 00:46:43', '2019-11-17 00:46:43'),
(30, 1, 11, 7, '2019-02-01', '2019-12-31', 3, 4, NULL, NULL, NULL, NULL, NULL, '2019-11-17 00:58:25', '2019-11-17 00:58:25'),
(31, 1, 7, 7, '2019-02-01', '2019-12-31', 3, 4, NULL, NULL, NULL, NULL, NULL, '2019-11-17 00:58:28', '2019-11-17 00:58:28'),
(32, 1, 8, 7, '2019-11-01', '2019-11-30', 2, 1, NULL, NULL, NULL, NULL, NULL, '2019-11-17 01:00:19', '2019-11-17 01:00:19'),
(33, 1, 1, 7, '2019-11-01', '2019-11-30', 2, 1, NULL, NULL, NULL, NULL, NULL, '2019-11-17 01:00:19', '2019-11-17 01:00:19'),
(34, 1, 9, 7, '2019-11-01', '2019-11-17', 1, 2, NULL, NULL, NULL, NULL, NULL, '2019-11-17 01:01:54', '2019-11-17 01:01:54'),
(35, 1, 11, 7, '2019-11-01', '2019-11-17', 1, 2, NULL, NULL, NULL, NULL, NULL, '2019-11-17 01:01:55', '2019-11-17 01:01:55'),
(36, 1, 12, 7, '2019-11-01', '2019-11-17', 1, 2, NULL, NULL, NULL, NULL, NULL, '2019-11-17 01:01:56', '2019-11-17 01:01:56'),
(37, 1, 9, 7, '2019-04-01', '2019-11-17', 3, 2, NULL, NULL, NULL, NULL, NULL, '2019-11-17 01:02:40', '2019-11-17 01:02:40'),
(38, 1, 10, 7, '2019-04-01', '2019-11-17', 3, 2, NULL, NULL, NULL, NULL, NULL, '2019-11-17 01:02:41', '2019-11-17 01:02:41'),
(39, 1, 1, 7, '2019-04-01', '2019-11-17', 3, 2, NULL, NULL, NULL, NULL, NULL, '2019-11-17 01:02:42', '2019-11-17 01:02:42'),
(40, 1, 2, 7, '2019-04-01', '2019-11-17', 3, 2, NULL, NULL, NULL, NULL, NULL, '2019-11-17 01:02:43', '2019-11-17 01:02:43'),
(41, 3, 9, 5, '2019-11-18', '2019-11-30', 1, 1, NULL, NULL, NULL, NULL, NULL, '2019-11-17 03:36:32', '2019-11-17 03:36:32'),
(42, 3, 3, 5, '2019-11-18', '2019-11-30', 1, 1, NULL, NULL, NULL, NULL, NULL, '2019-11-17 03:36:33', '2019-11-17 03:36:33'),
(43, 3, 4, 5, '2019-11-18', '2019-11-30', 1, 1, NULL, NULL, NULL, NULL, NULL, '2019-11-17 03:36:33', '2019-11-17 03:36:33'),
(44, 3, 14, 5, '2019-11-18', '2019-11-30', 1, 1, NULL, NULL, NULL, NULL, NULL, '2019-11-17 03:36:34', '2019-11-17 03:36:34'),
(45, 3, 11, 5, '2019-11-18', '2019-11-30', 1, 1, NULL, NULL, NULL, NULL, NULL, '2019-11-17 03:36:34', '2019-11-17 03:36:34'),
(46, 3, 5, 5, '2019-11-18', '2019-11-30', 1, 1, NULL, NULL, NULL, NULL, NULL, '2019-11-17 03:36:34', '2019-11-17 03:36:34'),
(47, 3, 6, 5, '2019-11-18', '2019-11-30', 1, 1, NULL, NULL, NULL, NULL, NULL, '2019-11-17 03:36:35', '2019-11-17 03:36:35'),
(48, 3, 8, 5, '2019-11-18', '2019-11-30', 1, 1, NULL, NULL, NULL, NULL, NULL, '2019-11-17 03:36:35', '2019-11-17 03:36:35'),
(49, 3, 12, 5, '2019-11-18', '2019-11-30', 1, 1, NULL, NULL, NULL, NULL, NULL, '2019-11-17 03:36:36', '2019-11-17 03:36:36'),
(50, 3, 10, 5, '2019-11-18', '2019-11-30', 1, 1, NULL, NULL, NULL, NULL, NULL, '2019-11-17 03:36:36', '2019-11-17 03:36:36'),
(51, 3, 1, 5, '2019-11-18', '2019-11-30', 1, 1, NULL, NULL, NULL, NULL, NULL, '2019-11-17 03:36:37', '2019-11-17 03:36:37'),
(52, 3, 2, 5, '2019-11-18', '2019-11-30', 1, 1, NULL, NULL, NULL, NULL, NULL, '2019-11-17 03:36:37', '2019-11-17 03:36:37'),
(53, 3, 15, 5, '2019-11-18', '2019-11-30', 1, 1, NULL, NULL, NULL, NULL, NULL, '2019-11-17 03:36:38', '2019-11-17 03:36:38');

-- --------------------------------------------------------

--
-- Table structure for table `checklists`
--

CREATE TABLE `checklists` (
  `id` int(10) UNSIGNED NOT NULL,
  `beat_member_type_id` int(11) NOT NULL,
  `field_name` varchar(191) COLLATE utf8mb4_unicode_ci NOT NULL,
  `created_at` timestamp NULL DEFAULT NULL,
  `updated_at` timestamp NULL DEFAULT NULL
) ENGINE=MyISAM DEFAULT CHARSET=utf8mb4 COLLATE=utf8mb4_unicode_ci;

--
-- Dumping data for table `checklists`
--

INSERT INTO `checklists` (`id`, `beat_member_type_id`, `field_name`, `created_at`, `updated_at`) VALUES
(1, 1, 'Security at Home', '2019-11-16 18:30:00', NULL),
(2, 2, 'VIP at Home', '2019-11-16 18:30:00', NULL);

-- --------------------------------------------------------

--
-- Table structure for table `designations`
--

CREATE TABLE `designations` (
  `id` int(10) UNSIGNED NOT NULL,
  `name` varchar(191) COLLATE utf8mb4_unicode_ci NOT NULL,
  `description` varchar(191) COLLATE utf8mb4_unicode_ci NOT NULL,
  `reporting_to` int(11) DEFAULT NULL,
  `created_at` timestamp NULL DEFAULT NULL,
  `updated_at` timestamp NULL DEFAULT NULL,
  `deleted_at` timestamp NULL DEFAULT NULL
) ENGINE=MyISAM DEFAULT CHARSET=utf8mb4 COLLATE=utf8mb4_unicode_ci;

--
-- Dumping data for table `designations`
--

INSERT INTO `designations` (`id`, `name`, `description`, `reporting_to`, `created_at`, `updated_at`, `deleted_at`) VALUES
(1, 'ASI', 'Test', NULL, NULL, NULL, NULL),
(2, 'PSI', 'PSI', 1, '2019-11-16 11:18:18', '2019-11-16 11:18:18', NULL),
(3, 'HC', 'HC', 2, '2019-11-16 11:19:19', '2019-11-16 11:19:19', NULL),
(4, 'Constable', 'Constable', 3, '2019-11-16 11:19:19', '2019-11-16 11:19:19', NULL);

-- --------------------------------------------------------

--
-- Table structure for table `migrations`
--

CREATE TABLE `migrations` (
  `id` int(10) UNSIGNED NOT NULL,
  `migration` varchar(191) COLLATE utf8mb4_unicode_ci NOT NULL,
  `batch` int(11) NOT NULL
) ENGINE=MyISAM DEFAULT CHARSET=utf8mb4 COLLATE=utf8mb4_unicode_ci;

--
-- Dumping data for table `migrations`
--

INSERT INTO `migrations` (`id`, `migration`, `batch`) VALUES
(1, '2016_04_01_071155_create_users_table', 1),
(2, '2016_04_01_071244_create_password_resets_table', 1),
(3, '2019_11_16_111909_create_designation_table', 1),
(4, '2019_11_16_112102_create_police_stations_table', 1),
(5, '2019_11_16_122257_create_beats_table', 2),
(6, '2019_11_16_122545_create_beat_members_table', 2),
(7, '2019_11_16_122847_create_beat_member_types', 2),
(8, '2019_11_16_124105_create_checklists_table', 3),
(9, '2019_11_16_144046_create_beat_schedules_table', 4),
(10, '2019_11_16_155156_create_beat_records_table', 4),
(11, '2019_11_16_155602_create_record_checklist_data_table', 4);

-- --------------------------------------------------------

--
-- Table structure for table `my_schedules`
--

CREATE TABLE `my_schedules` (
  `my_schedule_id` int(11) NOT NULL,
  `beat_schedule_id` int(11) NOT NULL,
  `schedule_date` text NOT NULL,
  `done` tinyint(4) NOT NULL DEFAULT '0',
  `created_at` varchar(250) NOT NULL,
  `updated_at` varchar(250) NOT NULL
) ENGINE=InnoDB DEFAULT CHARSET=latin1;

--
-- Dumping data for table `my_schedules`
--

INSERT INTO `my_schedules` (`my_schedule_id`, `beat_schedule_id`, `schedule_date`, `done`, `created_at`, `updated_at`) VALUES
(1, 37, '2019-04-17', 0, '2019-11-17 06:32:40', '2019-11-17 06:32:40'),
(2, 37, '2019-05-17', 0, '2019-11-17 06:32:40', '2019-11-17 06:32:40'),
(3, 37, '2019-06-17', 0, '2019-11-17 06:32:40', '2019-11-17 06:32:40'),
(4, 37, '2019-07-17', 0, '2019-11-17 06:32:40', '2019-11-17 06:32:40'),
(5, 37, '2019-08-17', 0, '2019-11-17 06:32:40', '2019-11-17 06:32:40'),
(6, 37, '2019-09-17', 0, '2019-11-17 06:32:41', '2019-11-17 06:32:41'),
(7, 37, '2019-10-17', 0, '2019-11-17 06:32:41', '2019-11-17 06:32:41'),
(8, 37, '2019-04-03', 0, '2019-11-17 06:32:41', '2019-11-17 06:32:41'),
(9, 37, '2019-05-03', 0, '2019-11-17 06:32:41', '2019-11-17 06:32:41'),
(10, 37, '2019-06-03', 0, '2019-11-17 06:32:41', '2019-11-17 06:32:41'),
(11, 37, '2019-07-03', 0, '2019-11-17 06:32:41', '2019-11-17 06:32:41'),
(12, 37, '2019-08-03', 0, '2019-11-17 06:32:41', '2019-11-17 06:32:41'),
(13, 37, '2019-09-03', 0, '2019-11-17 06:32:41', '2019-11-17 06:32:41'),
(14, 37, '2019-10-03', 0, '2019-11-17 06:32:41', '2019-11-17 06:32:41'),
(15, 37, '2019-11-03', 0, '2019-11-17 06:32:41', '2019-11-17 06:32:41'),
(16, 38, '2019-04-18', 0, '2019-11-17 06:32:41', '2019-11-17 06:32:41'),
(17, 38, '2019-05-18', 0, '2019-11-17 06:32:41', '2019-11-17 06:32:41'),
(18, 38, '2019-06-18', 0, '2019-11-17 06:32:41', '2019-11-17 06:32:41'),
(19, 38, '2019-07-18', 0, '2019-11-17 06:32:41', '2019-11-17 06:32:41'),
(20, 38, '2019-08-18', 0, '2019-11-17 06:32:41', '2019-11-17 06:32:41'),
(21, 38, '2019-09-18', 0, '2019-11-17 06:32:41', '2019-11-17 06:32:41'),
(22, 38, '2019-10-18', 0, '2019-11-17 06:32:42', '2019-11-17 06:32:42'),
(23, 38, '2019-04-08', 0, '2019-11-17 06:32:42', '2019-11-17 06:32:42'),
(24, 38, '2019-05-08', 0, '2019-11-17 06:32:42', '2019-11-17 06:32:42'),
(25, 38, '2019-06-08', 0, '2019-11-17 06:32:42', '2019-11-17 06:32:42'),
(26, 38, '2019-07-08', 0, '2019-11-17 06:32:42', '2019-11-17 06:32:42'),
(27, 38, '2019-08-08', 0, '2019-11-17 06:32:42', '2019-11-17 06:32:42'),
(28, 38, '2019-09-08', 0, '2019-11-17 06:32:42', '2019-11-17 06:32:42'),
(29, 38, '2019-10-08', 0, '2019-11-17 06:32:42', '2019-11-17 06:32:42'),
(30, 38, '2019-11-08', 0, '2019-11-17 06:32:42', '2019-11-17 06:32:42'),
(31, 39, '2019-04-09', 0, '2019-11-17 06:32:42', '2019-11-17 06:32:42'),
(32, 39, '2019-05-09', 0, '2019-11-17 06:32:42', '2019-11-17 06:32:42'),
(33, 39, '2019-06-09', 0, '2019-11-17 06:32:42', '2019-11-17 06:32:42'),
(34, 39, '2019-07-09', 0, '2019-11-17 06:32:42', '2019-11-17 06:32:42'),
(35, 39, '2019-08-09', 0, '2019-11-17 06:32:42', '2019-11-17 06:32:42'),
(36, 39, '2019-09-09', 0, '2019-11-17 06:32:42', '2019-11-17 06:32:42'),
(37, 39, '2019-10-09', 0, '2019-11-17 06:32:42', '2019-11-17 06:32:42'),
(38, 39, '2019-11-09', 0, '2019-11-17 06:32:42', '2019-11-17 06:32:42'),
(39, 39, '2019-04-14', 0, '2019-11-17 06:32:42', '2019-11-17 06:32:42'),
(40, 39, '2019-05-14', 0, '2019-11-17 06:32:42', '2019-11-17 06:32:42'),
(41, 39, '2019-06-14', 0, '2019-11-17 06:32:42', '2019-11-17 06:32:42'),
(42, 39, '2019-07-14', 0, '2019-11-17 06:32:43', '2019-11-17 06:32:43'),
(43, 39, '2019-08-14', 0, '2019-11-17 06:32:43', '2019-11-17 06:32:43'),
(44, 39, '2019-09-14', 0, '2019-11-17 06:32:43', '2019-11-17 06:32:43'),
(45, 39, '2019-10-14', 0, '2019-11-17 06:32:43', '2019-11-17 06:32:43'),
(46, 39, '2019-11-14', 0, '2019-11-17 06:32:43', '2019-11-17 06:32:43'),
(47, 40, '2019-04-23', 0, '2019-11-17 06:32:43', '2019-11-17 06:32:43'),
(48, 40, '2019-05-23', 0, '2019-11-17 06:32:43', '2019-11-17 06:32:43'),
(49, 40, '2019-06-23', 0, '2019-11-17 06:32:43', '2019-11-17 06:32:43'),
(50, 40, '2019-07-23', 0, '2019-11-17 06:32:43', '2019-11-17 06:32:43'),
(51, 40, '2019-08-23', 0, '2019-11-17 06:32:43', '2019-11-17 06:32:43'),
(52, 40, '2019-09-23', 0, '2019-11-17 06:32:43', '2019-11-17 06:32:43'),
(53, 40, '2019-10-23', 0, '2019-11-17 06:32:43', '2019-11-17 06:32:43'),
(54, 40, '2019-04-28', 0, '2019-11-17 06:32:43', '2019-11-17 06:32:43'),
(55, 40, '2019-05-28', 0, '2019-11-17 06:32:43', '2019-11-17 06:32:43'),
(56, 40, '2019-06-28', 0, '2019-11-17 06:32:43', '2019-11-17 06:32:43'),
(57, 40, '2019-07-28', 0, '2019-11-17 06:32:43', '2019-11-17 06:32:43'),
(58, 40, '2019-08-28', 0, '2019-11-17 06:32:43', '2019-11-17 06:32:43'),
(59, 40, '2019-09-28', 0, '2019-11-17 06:32:43', '2019-11-17 06:32:43'),
(60, 40, '2019-10-28', 0, '2019-11-17 06:32:43', '2019-11-17 06:32:43'),
(61, 41, '2019-11-18', 0, '2019-11-17 09:06:32', '2019-11-17 09:06:32'),
(62, 41, '2019-11-19', 0, '2019-11-17 09:06:32', '2019-11-17 09:06:32'),
(63, 41, '2019-11-20', 0, '2019-11-17 09:06:32', '2019-11-17 09:06:32'),
(64, 41, '2019-11-21', 0, '2019-11-17 09:06:32', '2019-11-17 09:06:32'),
(65, 41, '2019-11-22', 0, '2019-11-17 09:06:32', '2019-11-17 09:06:32'),
(66, 41, '2019-11-23', 0, '2019-11-17 09:06:32', '2019-11-17 09:06:32'),
(67, 41, '2019-11-24', 0, '2019-11-17 09:06:32', '2019-11-17 09:06:32'),
(68, 41, '2019-11-25', 0, '2019-11-17 09:06:32', '2019-11-17 09:06:32'),
(69, 41, '2019-11-26', 0, '2019-11-17 09:06:32', '2019-11-17 09:06:32'),
(70, 41, '2019-11-27', 0, '2019-11-17 09:06:32', '2019-11-17 09:06:32'),
(71, 41, '2019-11-28', 0, '2019-11-17 09:06:33', '2019-11-17 09:06:33'),
(72, 41, '2019-11-29', 0, '2019-11-17 09:06:33', '2019-11-17 09:06:33'),
(73, 42, '2019-11-18', 0, '2019-11-17 09:06:33', '2019-11-17 09:06:33'),
(74, 42, '2019-11-19', 0, '2019-11-17 09:06:33', '2019-11-17 09:06:33'),
(75, 42, '2019-11-20', 0, '2019-11-17 09:06:33', '2019-11-17 09:06:33'),
(76, 42, '2019-11-21', 0, '2019-11-17 09:06:33', '2019-11-17 09:06:33'),
(77, 42, '2019-11-22', 0, '2019-11-17 09:06:33', '2019-11-17 09:06:33'),
(78, 42, '2019-11-23', 0, '2019-11-17 09:06:33', '2019-11-17 09:06:33'),
(79, 42, '2019-11-24', 0, '2019-11-17 09:06:33', '2019-11-17 09:06:33'),
(80, 42, '2019-11-25', 0, '2019-11-17 09:06:33', '2019-11-17 09:06:33'),
(81, 42, '2019-11-26', 0, '2019-11-17 09:06:33', '2019-11-17 09:06:33'),
(82, 42, '2019-11-27', 0, '2019-11-17 09:06:33', '2019-11-17 09:06:33'),
(83, 42, '2019-11-28', 0, '2019-11-17 09:06:33', '2019-11-17 09:06:33'),
(84, 42, '2019-11-29', 0, '2019-11-17 09:06:33', '2019-11-17 09:06:33'),
(85, 43, '2019-11-18', 0, '2019-11-17 09:06:33', '2019-11-17 09:06:33'),
(86, 43, '2019-11-19', 0, '2019-11-17 09:06:33', '2019-11-17 09:06:33'),
(87, 43, '2019-11-20', 0, '2019-11-17 09:06:33', '2019-11-17 09:06:33'),
(88, 43, '2019-11-21', 0, '2019-11-17 09:06:33', '2019-11-17 09:06:33'),
(89, 43, '2019-11-22', 0, '2019-11-17 09:06:33', '2019-11-17 09:06:33'),
(90, 43, '2019-11-23', 0, '2019-11-17 09:06:33', '2019-11-17 09:06:33'),
(91, 43, '2019-11-24', 0, '2019-11-17 09:06:33', '2019-11-17 09:06:33'),
(92, 43, '2019-11-25', 0, '2019-11-17 09:06:33', '2019-11-17 09:06:33'),
(93, 43, '2019-11-26', 0, '2019-11-17 09:06:33', '2019-11-17 09:06:33'),
(94, 43, '2019-11-27', 0, '2019-11-17 09:06:33', '2019-11-17 09:06:33'),
(95, 43, '2019-11-28', 0, '2019-11-17 09:06:33', '2019-11-17 09:06:33'),
(96, 43, '2019-11-29', 0, '2019-11-17 09:06:33', '2019-11-17 09:06:33'),
(97, 44, '2019-11-18', 0, '2019-11-17 09:06:34', '2019-11-17 09:06:34'),
(98, 44, '2019-11-19', 0, '2019-11-17 09:06:34', '2019-11-17 09:06:34'),
(99, 44, '2019-11-20', 0, '2019-11-17 09:06:34', '2019-11-17 09:06:34'),
(100, 44, '2019-11-21', 0, '2019-11-17 09:06:34', '2019-11-17 09:06:34'),
(101, 44, '2019-11-22', 0, '2019-11-17 09:06:34', '2019-11-17 09:06:34'),
(102, 44, '2019-11-23', 0, '2019-11-17 09:06:34', '2019-11-17 09:06:34'),
(103, 44, '2019-11-24', 0, '2019-11-17 09:06:34', '2019-11-17 09:06:34'),
(104, 44, '2019-11-25', 0, '2019-11-17 09:06:34', '2019-11-17 09:06:34'),
(105, 44, '2019-11-26', 0, '2019-11-17 09:06:34', '2019-11-17 09:06:34'),
(106, 44, '2019-11-27', 0, '2019-11-17 09:06:34', '2019-11-17 09:06:34'),
(107, 44, '2019-11-28', 0, '2019-11-17 09:06:34', '2019-11-17 09:06:34'),
(108, 44, '2019-11-29', 0, '2019-11-17 09:06:34', '2019-11-17 09:06:34'),
(109, 45, '2019-11-18', 0, '2019-11-17 09:06:34', '2019-11-17 09:06:34'),
(110, 45, '2019-11-19', 0, '2019-11-17 09:06:34', '2019-11-17 09:06:34'),
(111, 45, '2019-11-20', 0, '2019-11-17 09:06:34', '2019-11-17 09:06:34'),
(112, 45, '2019-11-21', 0, '2019-11-17 09:06:34', '2019-11-17 09:06:34'),
(113, 45, '2019-11-22', 0, '2019-11-17 09:06:34', '2019-11-17 09:06:34'),
(114, 45, '2019-11-23', 0, '2019-11-17 09:06:34', '2019-11-17 09:06:34'),
(115, 45, '2019-11-24', 0, '2019-11-17 09:06:34', '2019-11-17 09:06:34'),
(116, 45, '2019-11-25', 0, '2019-11-17 09:06:34', '2019-11-17 09:06:34'),
(117, 45, '2019-11-26', 0, '2019-11-17 09:06:34', '2019-11-17 09:06:34'),
(118, 45, '2019-11-27', 0, '2019-11-17 09:06:34', '2019-11-17 09:06:34'),
(119, 45, '2019-11-28', 0, '2019-11-17 09:06:34', '2019-11-17 09:06:34'),
(120, 45, '2019-11-29', 0, '2019-11-17 09:06:34', '2019-11-17 09:06:34'),
(121, 46, '2019-11-18', 0, '2019-11-17 09:06:34', '2019-11-17 09:06:34'),
(122, 46, '2019-11-19', 0, '2019-11-17 09:06:34', '2019-11-17 09:06:34'),
(123, 46, '2019-11-20', 0, '2019-11-17 09:06:34', '2019-11-17 09:06:34'),
(124, 46, '2019-11-21', 0, '2019-11-17 09:06:35', '2019-11-17 09:06:35'),
(125, 46, '2019-11-22', 0, '2019-11-17 09:06:35', '2019-11-17 09:06:35'),
(126, 46, '2019-11-23', 0, '2019-11-17 09:06:35', '2019-11-17 09:06:35'),
(127, 46, '2019-11-24', 0, '2019-11-17 09:06:35', '2019-11-17 09:06:35'),
(128, 46, '2019-11-25', 0, '2019-11-17 09:06:35', '2019-11-17 09:06:35'),
(129, 46, '2019-11-26', 0, '2019-11-17 09:06:35', '2019-11-17 09:06:35'),
(130, 46, '2019-11-27', 0, '2019-11-17 09:06:35', '2019-11-17 09:06:35'),
(131, 46, '2019-11-28', 0, '2019-11-17 09:06:35', '2019-11-17 09:06:35'),
(132, 46, '2019-11-29', 0, '2019-11-17 09:06:35', '2019-11-17 09:06:35'),
(133, 47, '2019-11-18', 0, '2019-11-17 09:06:35', '2019-11-17 09:06:35'),
(134, 47, '2019-11-19', 0, '2019-11-17 09:06:35', '2019-11-17 09:06:35'),
(135, 47, '2019-11-20', 0, '2019-11-17 09:06:35', '2019-11-17 09:06:35'),
(136, 47, '2019-11-21', 0, '2019-11-17 09:06:35', '2019-11-17 09:06:35'),
(137, 47, '2019-11-22', 0, '2019-11-17 09:06:35', '2019-11-17 09:06:35'),
(138, 47, '2019-11-23', 0, '2019-11-17 09:06:35', '2019-11-17 09:06:35'),
(139, 47, '2019-11-24', 0, '2019-11-17 09:06:35', '2019-11-17 09:06:35'),
(140, 47, '2019-11-25', 0, '2019-11-17 09:06:35', '2019-11-17 09:06:35'),
(141, 47, '2019-11-26', 0, '2019-11-17 09:06:35', '2019-11-17 09:06:35'),
(142, 47, '2019-11-27', 0, '2019-11-17 09:06:35', '2019-11-17 09:06:35'),
(143, 47, '2019-11-28', 0, '2019-11-17 09:06:35', '2019-11-17 09:06:35'),
(144, 47, '2019-11-29', 0, '2019-11-17 09:06:35', '2019-11-17 09:06:35'),
(145, 48, '2019-11-18', 0, '2019-11-17 09:06:35', '2019-11-17 09:06:35'),
(146, 48, '2019-11-19', 0, '2019-11-17 09:06:35', '2019-11-17 09:06:35'),
(147, 48, '2019-11-20', 0, '2019-11-17 09:06:35', '2019-11-17 09:06:35'),
(148, 48, '2019-11-21', 0, '2019-11-17 09:06:35', '2019-11-17 09:06:35'),
(149, 48, '2019-11-22', 0, '2019-11-17 09:06:35', '2019-11-17 09:06:35'),
(150, 48, '2019-11-23', 0, '2019-11-17 09:06:35', '2019-11-17 09:06:35'),
(151, 48, '2019-11-24', 0, '2019-11-17 09:06:35', '2019-11-17 09:06:35'),
(152, 48, '2019-11-25', 0, '2019-11-17 09:06:36', '2019-11-17 09:06:36'),
(153, 48, '2019-11-26', 0, '2019-11-17 09:06:36', '2019-11-17 09:06:36'),
(154, 48, '2019-11-27', 0, '2019-11-17 09:06:36', '2019-11-17 09:06:36'),
(155, 48, '2019-11-28', 0, '2019-11-17 09:06:36', '2019-11-17 09:06:36'),
(156, 48, '2019-11-29', 0, '2019-11-17 09:06:36', '2019-11-17 09:06:36'),
(157, 49, '2019-11-18', 0, '2019-11-17 09:06:36', '2019-11-17 09:06:36'),
(158, 49, '2019-11-19', 0, '2019-11-17 09:06:36', '2019-11-17 09:06:36'),
(159, 49, '2019-11-20', 0, '2019-11-17 09:06:36', '2019-11-17 09:06:36'),
(160, 49, '2019-11-21', 0, '2019-11-17 09:06:36', '2019-11-17 09:06:36'),
(161, 49, '2019-11-22', 0, '2019-11-17 09:06:36', '2019-11-17 09:06:36'),
(162, 49, '2019-11-23', 0, '2019-11-17 09:06:36', '2019-11-17 09:06:36'),
(163, 49, '2019-11-24', 0, '2019-11-17 09:06:36', '2019-11-17 09:06:36'),
(164, 49, '2019-11-25', 0, '2019-11-17 09:06:36', '2019-11-17 09:06:36'),
(165, 49, '2019-11-26', 0, '2019-11-17 09:06:36', '2019-11-17 09:06:36'),
(166, 49, '2019-11-27', 0, '2019-11-17 09:06:36', '2019-11-17 09:06:36'),
(167, 49, '2019-11-28', 0, '2019-11-17 09:06:36', '2019-11-17 09:06:36'),
(168, 49, '2019-11-29', 0, '2019-11-17 09:06:36', '2019-11-17 09:06:36'),
(169, 50, '2019-11-18', 0, '2019-11-17 09:06:36', '2019-11-17 09:06:36'),
(170, 50, '2019-11-19', 0, '2019-11-17 09:06:36', '2019-11-17 09:06:36'),
(171, 50, '2019-11-20', 0, '2019-11-17 09:06:36', '2019-11-17 09:06:36'),
(172, 50, '2019-11-21', 0, '2019-11-17 09:06:36', '2019-11-17 09:06:36'),
(173, 50, '2019-11-22', 0, '2019-11-17 09:06:36', '2019-11-17 09:06:36'),
(174, 50, '2019-11-23', 0, '2019-11-17 09:06:36', '2019-11-17 09:06:36'),
(175, 50, '2019-11-24', 0, '2019-11-17 09:06:37', '2019-11-17 09:06:37'),
(176, 50, '2019-11-25', 0, '2019-11-17 09:06:37', '2019-11-17 09:06:37'),
(177, 50, '2019-11-26', 0, '2019-11-17 09:06:37', '2019-11-17 09:06:37'),
(178, 50, '2019-11-27', 0, '2019-11-17 09:06:37', '2019-11-17 09:06:37'),
(179, 50, '2019-11-28', 0, '2019-11-17 09:06:37', '2019-11-17 09:06:37'),
(180, 50, '2019-11-29', 0, '2019-11-17 09:06:37', '2019-11-17 09:06:37'),
(181, 51, '2019-11-18', 0, '2019-11-17 09:06:37', '2019-11-17 09:06:37'),
(182, 51, '2019-11-19', 0, '2019-11-17 09:06:37', '2019-11-17 09:06:37'),
(183, 51, '2019-11-20', 0, '2019-11-17 09:06:37', '2019-11-17 09:06:37'),
(184, 51, '2019-11-21', 0, '2019-11-17 09:06:37', '2019-11-17 09:06:37'),
(185, 51, '2019-11-22', 0, '2019-11-17 09:06:37', '2019-11-17 09:06:37'),
(186, 51, '2019-11-23', 0, '2019-11-17 09:06:37', '2019-11-17 09:06:37'),
(187, 51, '2019-11-24', 0, '2019-11-17 09:06:37', '2019-11-17 09:06:37'),
(188, 51, '2019-11-25', 0, '2019-11-17 09:06:37', '2019-11-17 09:06:37'),
(189, 51, '2019-11-26', 0, '2019-11-17 09:06:37', '2019-11-17 09:06:37'),
(190, 51, '2019-11-27', 0, '2019-11-17 09:06:37', '2019-11-17 09:06:37'),
(191, 51, '2019-11-28', 0, '2019-11-17 09:06:37', '2019-11-17 09:06:37'),
(192, 51, '2019-11-29', 0, '2019-11-17 09:06:37', '2019-11-17 09:06:37'),
(193, 52, '2019-11-18', 0, '2019-11-17 09:06:37', '2019-11-17 09:06:37'),
(194, 52, '2019-11-19', 0, '2019-11-17 09:06:37', '2019-11-17 09:06:37'),
(195, 52, '2019-11-20', 0, '2019-11-17 09:06:37', '2019-11-17 09:06:37'),
(196, 52, '2019-11-21', 0, '2019-11-17 09:06:37', '2019-11-17 09:06:37'),
(197, 52, '2019-11-22', 0, '2019-11-17 09:06:37', '2019-11-17 09:06:37'),
(198, 52, '2019-11-23', 0, '2019-11-17 09:06:37', '2019-11-17 09:06:37'),
(199, 52, '2019-11-24', 0, '2019-11-17 09:06:38', '2019-11-17 09:06:38'),
(200, 52, '2019-11-25', 0, '2019-11-17 09:06:38', '2019-11-17 09:06:38'),
(201, 52, '2019-11-26', 0, '2019-11-17 09:06:38', '2019-11-17 09:06:38'),
(202, 52, '2019-11-27', 0, '2019-11-17 09:06:38', '2019-11-17 09:06:38'),
(203, 52, '2019-11-28', 0, '2019-11-17 09:06:38', '2019-11-17 09:06:38'),
(204, 52, '2019-11-29', 0, '2019-11-17 09:06:38', '2019-11-17 09:06:38'),
(205, 53, '2019-11-18', 0, '2019-11-17 09:06:38', '2019-11-17 09:06:38'),
(206, 53, '2019-11-19', 0, '2019-11-17 09:06:38', '2019-11-17 09:06:38'),
(207, 53, '2019-11-20', 0, '2019-11-17 09:06:38', '2019-11-17 09:06:38'),
(208, 53, '2019-11-21', 0, '2019-11-17 09:06:38', '2019-11-17 09:06:38'),
(209, 53, '2019-11-22', 0, '2019-11-17 09:06:38', '2019-11-17 09:06:38'),
(210, 53, '2019-11-23', 0, '2019-11-17 09:06:38', '2019-11-17 09:06:38'),
(211, 53, '2019-11-24', 0, '2019-11-17 09:06:38', '2019-11-17 09:06:38'),
(212, 53, '2019-11-25', 0, '2019-11-17 09:06:38', '2019-11-17 09:06:38'),
(213, 53, '2019-11-26', 0, '2019-11-17 09:06:38', '2019-11-17 09:06:38'),
(214, 53, '2019-11-27', 0, '2019-11-17 09:06:38', '2019-11-17 09:06:38'),
(215, 53, '2019-11-28', 0, '2019-11-17 09:06:38', '2019-11-17 09:06:38'),
(216, 53, '2019-11-29', 0, '2019-11-17 09:06:38', '2019-11-17 09:06:38');

-- --------------------------------------------------------

--
-- Table structure for table `password_resets`
--

CREATE TABLE `password_resets` (
  `email` varchar(191) COLLATE utf8mb4_unicode_ci NOT NULL,
  `token` varchar(191) COLLATE utf8mb4_unicode_ci NOT NULL,
  `created_at` timestamp NOT NULL
) ENGINE=MyISAM DEFAULT CHARSET=utf8mb4 COLLATE=utf8mb4_unicode_ci;

-- --------------------------------------------------------

--
-- Table structure for table `police_stations`
--

CREATE TABLE `police_stations` (
  `id` int(10) UNSIGNED NOT NULL,
  `police_station_name` varchar(191) COLLATE utf8mb4_unicode_ci NOT NULL,
  `address` text COLLATE utf8mb4_unicode_ci NOT NULL,
  `no_of_polices` int(11) NOT NULL,
  `no_of_beat_routes` int(11) NOT NULL,
  `phone_no` varchar(191) COLLATE utf8mb4_unicode_ci NOT NULL,
  `created_at` timestamp NULL DEFAULT NULL,
  `updated_at` timestamp NULL DEFAULT NULL
) ENGINE=MyISAM DEFAULT CHARSET=utf8mb4 COLLATE=utf8mb4_unicode_ci;

--
-- Dumping data for table `police_stations`
--

INSERT INTO `police_stations` (`id`, `police_station_name`, `address`, `no_of_polices`, `no_of_beat_routes`, `phone_no`, `created_at`, `updated_at`) VALUES
(1, 'RV College', 'Bangalore', 15, 60, '9880086637', NULL, NULL),
(3, 'PS1', 'Bangalore', 15, 16, '08880458554', '2019-11-16 20:31:39', '2019-11-16 20:31:39');

-- --------------------------------------------------------

--
-- Table structure for table `users`
--

CREATE TABLE `users` (
  `id` int(10) UNSIGNED NOT NULL,
  `police_name` varchar(200) COLLATE utf8mb4_unicode_ci NOT NULL,
  `phone_number` varchar(200) COLLATE utf8mb4_unicode_ci NOT NULL,
  `address` varchar(200) COLLATE utf8mb4_unicode_ci NOT NULL,
  `profile_image` text COLLATE utf8mb4_unicode_ci NOT NULL,
  `designation_id` text COLLATE utf8mb4_unicode_ci NOT NULL,
  `collar_no` varchar(200) COLLATE utf8mb4_unicode_ci NOT NULL,
  `police_station_id` varchar(200) COLLATE utf8mb4_unicode_ci NOT NULL,
  `username` varchar(200) COLLATE utf8mb4_unicode_ci NOT NULL,
  `password` varchar(250) COLLATE utf8mb4_unicode_ci NOT NULL,
  `remember_token` varchar(100) COLLATE utf8mb4_unicode_ci DEFAULT NULL,
  `api_token` varchar(500) COLLATE utf8mb4_unicode_ci DEFAULT NULL,
  `last_seen` timestamp NULL DEFAULT NULL,
  `created_at` timestamp NULL DEFAULT NULL,
  `updated_at` timestamp NULL DEFAULT NULL,
  `deleted_at` timestamp NULL DEFAULT NULL
) ENGINE=MyISAM DEFAULT CHARSET=utf8mb4 COLLATE=utf8mb4_unicode_ci;

--
-- Dumping data for table `users`
--

INSERT INTO `users` (`id`, `police_name`, `phone_number`, `address`, `profile_image`, `designation_id`, `collar_no`, `police_station_id`, `username`, `password`, `remember_token`, `api_token`, `last_seen`, `created_at`, `updated_at`, `deleted_at`) VALUES
(1, 'A', '8880458554', '217 ', '', '1', '100', '1', 'test', '$2y$12$HVKlo70Go6866rI2/cln7OydF0B4v/oB3S02BcVvBeqyPfLRKEPcW', 'ZogMyh0oKD9tRYaRwfxJSUTdK5HwWdZvu6VwtPNJMWeRPKBp5hhUK2CqiPj8', 'eyJ0eXAiOiJKV1QiLCJhbGciOiJIUzI1NiJ9.eyJzdWIiOjEsImlzcyI6Imh0dHA6Ly8xNzIuMTYuOS41MDo4MDAwL2FwaS92MS9sb2dpbiIsImlhdCI6MTU3MzkwOTE4OCwiZXhwIjoxNTczOTEyNzg4LCJuYmYiOjE1NzM5MDkxODgsImp0aSI6Ill6REtFN3NYRzFlQkhGT2wifQ.bIEseia-O4jvr69SzqvAoXs1cepB_i1xgBj4Gyo3CV8', '2019-11-15 18:30:00', '2019-11-15 18:30:00', '2019-11-16 07:29:48', NULL),
(2, 'B', '8880458554', '217 ', '', '2', '200', '1', 'psi', '$2y$12$HVKlo70Go6866rI2/cln7OydF0B4v/oB3S02BcVvBeqyPfLRKEPcW', 'OVH4D5kus0pNKQRLWS2yerOs7PMg1StCh18Qzp2ahUlDVgCGnN4rnI2gpQ7e', 'eyJ0eXAiOiJKV1QiLCJhbGciOiJIUzI1NiJ9.eyJzdWIiOjEsImlzcyI6Imh0dHA6Ly8xNzIuMTYuOS41MDo4MDAwL2FwaS92MS9sb2dpbiIsImlhdCI6MTU3MzkwOTE4OCwiZXhwIjoxNTczOTEyNzg4LCJuYmYiOjE1NzM5MDkxODgsImp0aSI6Ill6REtFN3NYRzFlQkhGT2wifQ.bIEseia-O4jvr69SzqvAoXs1cepB_i1xgBj4Gyo3CV8', '2019-11-15 18:30:00', '2019-11-15 18:30:00', '2019-11-16 07:29:48', NULL),
(3, 'C', '8880458554', '217 ', '', '3', '300', '1', 'hc', '$2y$12$HVKlo70Go6866rI2/cln7OydF0B4v/oB3S02BcVvBeqyPfLRKEPcW', 'OVH4D5kus0pNKQRLWS2yerOs7PMg1StCh18Qzp2ahUlDVgCGnN4rnI2gpQ7e', 'eyJ0eXAiOiJKV1QiLCJhbGciOiJIUzI1NiJ9.eyJzdWIiOjEsImlzcyI6Imh0dHA6Ly8xNzIuMTYuOS41MDo4MDAwL2FwaS92MS9sb2dpbiIsImlhdCI6MTU3MzkwOTE4OCwiZXhwIjoxNTczOTEyNzg4LCJuYmYiOjE1NzM5MDkxODgsImp0aSI6Ill6REtFN3NYRzFlQkhGT2wifQ.bIEseia-O4jvr69SzqvAoXs1cepB_i1xgBj4Gyo3CV8', '2019-11-15 18:30:00', '2019-11-15 18:30:00', '2019-11-16 07:29:48', NULL),
(4, 'Constable 1', '8880458554', '217 ', '', '4', '400', '1', 'c1', '$2y$12$HVKlo70Go6866rI2/cln7OydF0B4v/oB3S02BcVvBeqyPfLRKEPcW', 'HxBGaD44qiT8vYVerNFymrAoYiPPExOG0yDrgvaLM9ewhREw9rA2HVS5cOrP', 'eyJ0eXAiOiJKV1QiLCJhbGciOiJIUzI1NiJ9.eyJzdWIiOjEsImlzcyI6Imh0dHA6Ly8xNzIuMTYuOS41MDo4MDAwL2FwaS92MS9sb2dpbiIsImlhdCI6MTU3MzkwOTE4OCwiZXhwIjoxNTczOTEyNzg4LCJuYmYiOjE1NzM5MDkxODgsImp0aSI6Ill6REtFN3NYRzFlQkhGT2wifQ.bIEseia-O4jvr69SzqvAoXs1cepB_i1xgBj4Gyo3CV8', '2019-11-15 18:30:00', '2019-11-15 18:30:00', '2019-11-16 07:29:48', NULL),
(5, 'Constable 2', '8880458554', '217 ', '', '4', '401', '1', 'c2', '$2y$12$HVKlo70Go6866rI2/cln7OydF0B4v/oB3S02BcVvBeqyPfLRKEPcW', 'OVH4D5kus0pNKQRLWS2yerOs7PMg1StCh18Qzp2ahUlDVgCGnN4rnI2gpQ7e', 'eyJ0eXAiOiJKV1QiLCJhbGciOiJIUzI1NiJ9.eyJzdWIiOjEsImlzcyI6Imh0dHA6Ly8xNzIuMTYuOS41MDo4MDAwL2FwaS92MS9sb2dpbiIsImlhdCI6MTU3MzkwOTE4OCwiZXhwIjoxNTczOTEyNzg4LCJuYmYiOjE1NzM5MDkxODgsImp0aSI6Ill6REtFN3NYRzFlQkhGT2wifQ.bIEseia-O4jvr69SzqvAoXs1cepB_i1xgBj4Gyo3CV8', '2019-11-15 18:30:00', '2019-11-15 18:30:00', '2019-11-16 07:29:48', NULL),
(6, 'Constable 3', '8880458554', '217 ', '', '4', '402', '1', 'c3', '$2y$12$HVKlo70Go6866rI2/cln7OydF0B4v/oB3S02BcVvBeqyPfLRKEPcW', 'OVH4D5kus0pNKQRLWS2yerOs7PMg1StCh18Qzp2ahUlDVgCGnN4rnI2gpQ7e', 'eyJ0eXAiOiJKV1QiLCJhbGciOiJIUzI1NiJ9.eyJzdWIiOjEsImlzcyI6Imh0dHA6Ly8xNzIuMTYuOS41MDo4MDAwL2FwaS92MS9sb2dpbiIsImlhdCI6MTU3MzkwOTE4OCwiZXhwIjoxNTczOTEyNzg4LCJuYmYiOjE1NzM5MDkxODgsImp0aSI6Ill6REtFN3NYRzFlQkhGT2wifQ.bIEseia-O4jvr69SzqvAoXs1cepB_i1xgBj4Gyo3CV8', '2019-11-15 18:30:00', '2019-11-15 18:30:00', '2019-11-16 07:29:48', NULL),
(7, '11', '08880458554', '1', 'knock/images/tmp1573958604-pp.jpg', '4', '1', '3', '1', '$2y$10$gUi7.KNjqaYY.QAJqlnLQOp1/CtsmPnwOTNkgnOPK3IsR8Iyh8Vli', NULL, NULL, NULL, '2019-11-16 21:13:24', '2019-11-16 21:13:24', NULL),
(8, '111111', '111111', '111111', 'knock/images/tmp1573958696-pp.jpg', '4', '111111', '3', '111111', '$2y$10$Mxh86noYffjd0SA7k8jNouJCm/Q0UwqibnebTljRQ9H4gCQDqyzxe', NULL, NULL, NULL, '2019-11-16 21:14:56', '2019-11-16 21:14:56', NULL),
(9, '11', '08880458554', '21/60 Venkateshwara Nilaya 1st Main Fifth Cross\r\nMysore Road Byatarayanapura', 'knock/images/tmp/1573970187-me.jpg', '4', '111111', '3', '111111', '$2y$10$.fwZ8FISE98rsd94cZDnBedQBCvKwLxZ1hr3YpyfxUgdT.Nem0gNW', NULL, NULL, NULL, '2019-11-17 00:26:27', '2019-11-17 00:26:27', NULL);

--
-- Indexes for dumped tables
--

--
-- Indexes for table `alarms`
--
ALTER TABLE `alarms`
  ADD PRIMARY KEY (`id`);

--
-- Indexes for table `beats`
--
ALTER TABLE `beats`
  ADD PRIMARY KEY (`id`);

--
-- Indexes for table `beat_members`
--
ALTER TABLE `beat_members`
  ADD PRIMARY KEY (`id`);

--
-- Indexes for table `beat_member_types`
--
ALTER TABLE `beat_member_types`
  ADD PRIMARY KEY (`id`);

--
-- Indexes for table `beat_records`
--
ALTER TABLE `beat_records`
  ADD PRIMARY KEY (`id`);

--
-- Indexes for table `beat_record_checklist_data`
--
ALTER TABLE `beat_record_checklist_data`
  ADD PRIMARY KEY (`id`);

--
-- Indexes for table `beat_schedules`
--
ALTER TABLE `beat_schedules`
  ADD PRIMARY KEY (`id`);

--
-- Indexes for table `checklists`
--
ALTER TABLE `checklists`
  ADD PRIMARY KEY (`id`);

--
-- Indexes for table `designations`
--
ALTER TABLE `designations`
  ADD PRIMARY KEY (`id`);

--
-- Indexes for table `migrations`
--
ALTER TABLE `migrations`
  ADD PRIMARY KEY (`id`);

--
-- Indexes for table `my_schedules`
--
ALTER TABLE `my_schedules`
  ADD PRIMARY KEY (`my_schedule_id`);

--
-- Indexes for table `password_resets`
--
ALTER TABLE `password_resets`
  ADD KEY `password_resets_email_index` (`email`);

--
-- Indexes for table `police_stations`
--
ALTER TABLE `police_stations`
  ADD PRIMARY KEY (`id`);

--
-- Indexes for table `users`
--
ALTER TABLE `users`
  ADD PRIMARY KEY (`id`);

--
-- AUTO_INCREMENT for dumped tables
--

--
-- AUTO_INCREMENT for table `alarms`
--
ALTER TABLE `alarms`
  MODIFY `id` int(11) NOT NULL AUTO_INCREMENT, AUTO_INCREMENT=2;
--
-- AUTO_INCREMENT for table `beats`
--
ALTER TABLE `beats`
  MODIFY `id` int(10) UNSIGNED NOT NULL AUTO_INCREMENT, AUTO_INCREMENT=4;
--
-- AUTO_INCREMENT for table `beat_members`
--
ALTER TABLE `beat_members`
  MODIFY `id` int(10) UNSIGNED NOT NULL AUTO_INCREMENT, AUTO_INCREMENT=16;
--
-- AUTO_INCREMENT for table `beat_member_types`
--
ALTER TABLE `beat_member_types`
  MODIFY `id` int(10) UNSIGNED NOT NULL AUTO_INCREMENT, AUTO_INCREMENT=8;
--
-- AUTO_INCREMENT for table `beat_records`
--
ALTER TABLE `beat_records`
  MODIFY `id` int(10) UNSIGNED NOT NULL AUTO_INCREMENT, AUTO_INCREMENT=3;
--
-- AUTO_INCREMENT for table `beat_record_checklist_data`
--
ALTER TABLE `beat_record_checklist_data`
  MODIFY `id` int(10) UNSIGNED NOT NULL AUTO_INCREMENT;
--
-- AUTO_INCREMENT for table `beat_schedules`
--
ALTER TABLE `beat_schedules`
  MODIFY `id` int(10) UNSIGNED NOT NULL AUTO_INCREMENT, AUTO_INCREMENT=54;
--
-- AUTO_INCREMENT for table `checklists`
--
ALTER TABLE `checklists`
  MODIFY `id` int(10) UNSIGNED NOT NULL AUTO_INCREMENT, AUTO_INCREMENT=3;
--
-- AUTO_INCREMENT for table `designations`
--
ALTER TABLE `designations`
  MODIFY `id` int(10) UNSIGNED NOT NULL AUTO_INCREMENT, AUTO_INCREMENT=5;
--
-- AUTO_INCREMENT for table `migrations`
--
ALTER TABLE `migrations`
  MODIFY `id` int(10) UNSIGNED NOT NULL AUTO_INCREMENT, AUTO_INCREMENT=12;
--
-- AUTO_INCREMENT for table `my_schedules`
--
ALTER TABLE `my_schedules`
  MODIFY `my_schedule_id` int(11) NOT NULL AUTO_INCREMENT, AUTO_INCREMENT=217;
--
-- AUTO_INCREMENT for table `police_stations`
--
ALTER TABLE `police_stations`
  MODIFY `id` int(10) UNSIGNED NOT NULL AUTO_INCREMENT, AUTO_INCREMENT=4;
--
-- AUTO_INCREMENT for table `users`
--
ALTER TABLE `users`
  MODIFY `id` int(10) UNSIGNED NOT NULL AUTO_INCREMENT, AUTO_INCREMENT=10;COMMIT;

/*!40101 SET CHARACTER_SET_CLIENT=@OLD_CHARACTER_SET_CLIENT */;
/*!40101 SET CHARACTER_SET_RESULTS=@OLD_CHARACTER_SET_RESULTS */;
/*!40101 SET COLLATION_CONNECTION=@OLD_COLLATION_CONNECTION */;
